UserID,Name,Email,Password,Phone,UserType,DateOfBirth,Gender,Address,RegistrationDate,LastLogin,UserStatus
1,Sylvia Avila,jeffrey85@hotmail.com,#0UB_q3W^H,18989037521905,admin,1986-07-24,Other,"19256 Brittney Tunnel, North Lisa, Myanmar",2021-05-27,2024-01-16 08:06:28.461459,active
2,Lynn Wheeler,donna97@hotmail.com,(5l1GIh*Yb,5719528562,admin,2005-05-14,Other,"754 Brandon Port Suite 071, Garciaborough, Kenya",2022-04-26,2024-06-15 07:23:17.789128,inactive
3,Mackenzie Lewis,jameswhite@yahoo.com,@ea2QXadQa,,admin,1989-03-19,Male,"730 Mays Way, West Yvonne, Bahamas",2024-09-07,2024-12-05 16:03:33.685064,active
4,Lisa Boyer,samantha80@icloud.com,kt2MJMTz!&,152664866180052,admin,1949-04-18,Male,"230 Rodney Street, Portertown, Seychelles",2022-03-29,2024-09-06 05:09:15.013572,active
5,Amy Roberts,ambersmith@hotmail.com,*2B66ZJg0r,,admin,1949-05-24,Female,"037 Johnson Flats Apt. 386, Alexfurt, Ethiopia",2023-02-01,2024-03-27 04:16:11.795235,inactive
6,James Reynolds,christopherwhite@yahoo.com,%Q2Bcs!NHQ,1767485071044353,admin,1953-02-16,Female,"787 Amy Highway, North Charles, Uzbekistan",2024-01-08,2024-10-09 17:43:19.822241,inactive
7,Alex Brown,xjackson@icloud.com,#v2Q(gAyl9,15332072800720,admin,1981-03-01,Male,"568 Denise Trail Suite 513, Kirbystad, Saint Pierre and Miquelon",2024-02-25,2024-05-16 05:31:19.053468,active
8,Kimberly Hughes,teresa92@hotmail.com,D7IvjMnF%9,9837643478904,admin,2002-07-22,Other,"711 Mcclain Coves Suite 180, Brittanyland, Heard Island and McDonald Islands",2023-10-05,2024-03-21 16:10:45.804713,inactive
9,Angel Nash,christopher89@yahoo.com,)6g(#UeP%F,00176331664008392,admin,1965-02-28,Male,"471 Sara Walks Suite 995, Lake Nicholasborough, Hungary",2024-09-01,2024-02-24 00:39:59.280296,active
10,Andres Berger,timothypowell@outlook.com,R%4QSvz3r^,8214628966145,admin,1955-05-04,Male,"23573 Murphy Divide Suite 037, South Christopherview, New Zealand",2024-06-28,2024-01-20 20:39:48.372096,inactive
11,James Singh,thomasthomas@outlook.com,CNE7HGxx%g,00199989801666103,admin,1967-06-29,Female,"7836 Graves Highway Suite 452, Wheelermouth, Turks and Caicos Islands",2023-01-15,2024-07-03 23:31:25.480219,inactive
12,Paula Ford,kimking@yahoo.com,wsZ^65Tg$j,4166718217150,admin,1966-03-02,Male,"35891 Charles Mission Suite 327, Rodriguezbury, Indonesia",2020-05-03,2024-06-24 04:30:13.322650,active
13,Paige Becker,carrie79@gmail.com,A@c4GCNrl9,3898706897,admin,1967-07-20,Other,"10933 Audrey Cliff, Lake Raystad, Saint Lucia",2020-11-15,2024-02-17 02:57:51.106981,inactive
14,Tanya Williams,ywilliams@hotmail.com,dnroV4Na_d,001470385961801739,admin,1990-08-16,Female,"18892 Garcia Summit, Katherineville, Saint Helena",2024-01-04,2024-12-13 06:20:22.743542,inactive
15,Jodi Levy,rivaserica@yahoo.com,%s31Y(Mati,183192455044840,admin,2002-02-09,Male,"824 Morrison Loaf Apt. 584, Thomasview, Jamaica",2024-01-16,,inactive
16,Benjamin Smith,hkelley@icloud.com,9#37KLck%O,5077227554,admin,1953-08-06,Male,"2055 Davis Plaza, Dixonport, Uganda",2021-04-10,2024-07-16 23:08:35.279509,active
17,Christian Ortiz,qlozano@yahoo.com,)2@Ysl78!X,0017778576236,admin,1959-01-17,Male,"63557 Shannon Cliffs, Reedmouth, Bulgaria",2024-09-11,2024-01-03 06:52:41.538096,active
18,Gabriel Smith,annesalas@icloud.com,FA$S$WcV(3,0014965049316,admin,2002-02-05,,"71913 Dean Forge Apt. 319, Allenborough, Mozambique",2022-05-23,2024-11-22 09:05:10.124985,active
19,Jacqueline Vazquez,michael90@gmail.com,IUA^1I*oV2,17946600431449,admin,1991-10-04,Other,"016 Joseph Crescent, New John, United States of America",2020-08-18,,inactive
20,Noah Harris,rodriguezsteven@outlook.com,0$19eNrfzq,4086888026,admin,1998-03-18,Other,"2435 Deanna Courts, Lake Brandonborough, Lithuania",2021-07-28,2024-10-05 19:50:11.690577,active
21,Melissa Marshall,michaeljackson@yahoo.com,p_!4SoXl!P,481558390246517,host,1962-08-02,Other,"310 Mary Route, North Donaldchester, Gambia",2024-02-24,2024-06-23 19:02:23.060110,inactive
22,Heather Miller,grahammorgan@yahoo.com,*Q94sJNtxP,,host,2001-07-04,Other,"66063 Ariana Grove, Tiffanymouth, Jersey",2022-02-27,2024-02-06 01:06:08.718332,active
23,John Hodges,ffernandez@hotmail.com,%$86oYHr4c,001543718084469763,host,1965-05-19,Female,"755 Thomas Hollow Suite 371, Kellerbury, Egypt",2022-12-06,2024-11-06 17:46:18.729071,inactive
24,Betty Marquez,wrightronald@icloud.com,ygUlDqMB#6,,host,1996-10-25,Female,"64623 Garcia Trafficway Apt. 385, Lake Kaylachester, Hong Kong",2024-10-10,2024-03-19 02:31:54.672553,inactive
25,Paul Dawson,bradyjessica@yahoo.com,_R0Jp_9%1f,188883465758617,host,1988-05-01,Male,"387 Laurie Street Apt. 926, Jacksonstad, Cameroon",2023-01-16,2024-02-14 02:44:20.490494,inactive
26,Madison Grant,sherry18@icloud.com,b$)ZVpUA$1,32477112372707,host,1960-12-24,Female,"050 Jennifer Brook, Greenland, Azerbaijan",2024-07-01,2024-09-15 10:08:44.338542,active
27,Robert Edwards,jennifer23@icloud.com,x7fV2z!#*T,5746788755149,host,1956-12-21,Other,"0212 Norman Plaza Suite 334, Larryton, Ethiopia",2020-08-07,2024-09-17 04:56:31.813478,active
28,James Martin,dhanson@hotmail.com,B_Q(l6Firc,4995959859,host,1967-11-03,Other,"175 Victoria Locks Suite 959, Lake Barry, Iraq",2022-01-01,2024-02-26 17:37:29.011203,inactive
29,Terry Miller,mitchellwilkins@hotmail.com,k1Qk_ST(#%,7972134385,host,1995-06-09,Male,"6326 Johnson Fork, Kevinshire, Latvia",2023-10-31,2024-11-29 09:08:04.270380,inactive
30,David Castaneda,ocortez@yahoo.com,(&9MYXh3Z3,001491512582795067,host,2005-04-26,Other,"0910 Crawford Isle, West Kathryn, Angola",2024-05-23,2024-10-16 01:27:36.305286,inactive
31,Elizabeth Wilson,kimberly49@gmail.com,8JLN#r!w*5,2265009793,host,1977-08-22,Other,"5200 White Keys, Tammystad, Vietnam",2022-07-08,2024-04-03 02:31:16.692301,inactive
32,Robert Duran,ybradley@hotmail.com,V&95Fv_p@o,929521030797940,host,1961-10-05,Female,"045 Pearson Islands Suite 983, New Adriantown, American Samoa",2021-09-15,2024-02-27 03:14:32.796346,inactive
33,Kristy Lang,clairebrooks@gmail.com,4ZBfmnVj_4,17442343246283,host,1985-08-22,Male,"07639 Dylan Spurs, Lake Kaylaborough, Kazakhstan",2024-08-01,2024-01-27 21:59:48.043067,active
34,Kelly Jacobs,cabrerajohn@hotmail.com,@yo&TLC23X,5249927408,host,1987-07-27,Male,"994 Nicholas Hills, West Michael, Tuvalu",2020-09-22,2024-05-22 00:17:18.687827,inactive
35,Brianna Walsh,ucarson@icloud.com,+S0*Q)Yjwz,00157782840941262,host,1986-08-26,Other,"435 Allison Corner, Murphyberg, Poland",2021-01-31,2024-11-03 18:37:42.300069,inactive
36,Andrew Blackwell,hernandeztrevor@gmail.com,1M1Xu+ydR#,3134500214648,host,1999-01-02,Female,"37552 Leslie Burgs, North Brittney, Aruba",2021-09-01,2024-01-13 08:49:26.450625,inactive
37,Christopher Baxter,sarah69@gmail.com,v(3j3k$hbD,,host,1993-03-31,Male,"3341 Bradley Wells Suite 970, New Amandafurt, Iceland",2022-11-28,2024-12-01 18:44:02.406462,active
38,Susan Herrera,pdaniel@gmail.com,&*Z^V5Mf*k,,host,1988-10-26,Other,"6556 Teresa Garden, East Ericshire, Uzbekistan",2021-01-08,2024-04-19 13:34:22.161961,active
39,Sergio Warren,jamesbrady@yahoo.com,a0^KxZjr%w,13832225145,host,1980-12-16,Female,"3218 Lee Keys Apt. 001, Marcusburgh, Kyrgyz Republic",2020-06-26,2024-04-16 16:23:14.686914,inactive
40,Daniel Clark,qmejia@gmail.com,53YlwKsl#d,198663397452748,host,1990-03-02,Female,"9889 Bowman Oval, Griffinstad, Slovenia",2020-11-25,,inactive
41,Clinton Villegas,darren97@icloud.com,96$M1hpj)F,,host,1964-12-18,Male,"644 Gabriella Brooks, New Rhonda, Cocos (Keeling) Islands",2020-09-18,2024-02-06 01:55:28.775797,inactive
42,Lawrence Henderson,hardingdarrell@outlook.com,^!03QGfm94,5557529483,host,2004-03-07,Female,"273 Stevens Knoll, Danaburgh, French Southern Territories",2022-05-21,2024-04-23 05:46:54.340408,inactive
43,Christina Hill,sarah38@hotmail.com,(4k4i^ZqO#,795689023105943,host,1998-04-10,Female,"68404 Murray Manor Apt. 033, Vasquezfurt, Finland",2020-11-02,2024-05-13 12:52:07.023838,inactive
44,Janice Miller,cwilson@outlook.com,$@70!TwmjQ,1755304586685721,host,1964-05-14,Male,"904 Conrad Loop Suite 889, Laraside, Kiribati",2022-02-15,2024-05-11 16:29:10.793549,inactive
45,Kevin Coleman,lewismichael@icloud.com,_jw1GenE$5,3109606933,host,1960-05-17,Male,"9148 Daniel Plains, New Lacey, American Samoa",2021-04-21,2024-12-07 06:39:19.625525,active
46,Ryan Thomas,hcole@gmail.com,%4pK0WZDc5,68491189276292,host,1999-09-18,Other,"1898 Ashley Pike Apt. 959, East Timothymouth, Jordan",2021-11-19,2024-03-10 21:57:27.518141,inactive
47,Amy Villanueva,lopezoscar@outlook.com,b6XI5hbh&U,001224657418777430,host,1953-06-07,Female,"9920 Bryan Glens, Johnsonstad, Ethiopia",2022-04-06,2024-08-16 07:12:47.343447,inactive
48,Kimberly Kaiser,jeffery50@outlook.com,@3%(7TTq(!,2006259532,host,1999-11-25,,"889 Johnson Manors Apt. 527, South Markbury, Belize",2024-05-23,2024-08-12 07:06:58.483971,active
49,Suzanne Mahoney,jennifer75@gmail.com,^B7iwCjnAg,6044665341,host,1993-05-04,Other,"5849 Leonard Flat, Laurenport, Ireland",2022-01-07,2024-11-16 21:23:46.472106,active
50,Ariel Vazquez,rramos@outlook.com,%^2z1Tvyv*,938992579734150,host,1972-02-07,Male,"40398 Johnson Drive, West Christinaport, Lithuania",2021-07-22,,active
51,Wendy Wiley,cchavez@hotmail.com,evXZN_L3!1,,host,1993-10-18,Male,"330 Everett Wells, Gloverville, Romania",2023-09-01,2024-01-05 15:13:06.653993,inactive
52,Katherine Daniel,catherineoneill@hotmail.com,DRW$r2Ynx_,,host,1963-07-04,Male,"27327 Acosta Causeway Apt. 076, North George, Norway",2022-01-24,2024-12-11 08:01:09.814065,active
53,Matthew Olson,george09@gmail.com,91oRd5l7*w,72059253550569,host,1980-08-06,Female,"515 Jordan Plains, Brightburgh, Saint Vincent and the Grenadines",2020-09-23,2024-10-18 00:37:51.593742,active
54,Brian Kirby,simmonsblake@yahoo.com,*J5PdQIM3v,3136907289,host,1952-07-26,Other,"808 Shawn Locks Suite 984, Campbellton, Armenia",2022-10-12,2024-08-08 02:23:51.968161,inactive
55,Logan Phillips,harrisamy@gmail.com,99OnCMu)#$,1706567147614729,host,1952-06-03,Other,"106 Blevins Branch Suite 709, Danielfurt, Uruguay",2023-05-06,,active
56,Leslie King,shawna10@icloud.com,lx@065DdH%,2762391962602,host,1954-06-01,Other,"20514 Paul Bridge, Shawnfort, Sri Lanka",2021-05-06,2024-09-20 22:55:13.683684,active
57,Shane Dixon,iperez@hotmail.com,^5sV1uw+58,5484502700,host,1951-12-09,Other,"073 Kristin Villages Apt. 688, Melaniestad, Tajikistan",2020-12-19,2024-06-13 07:02:23.143756,inactive
58,Loretta Randall,lukeburns@hotmail.com,k9YDMeZn_J,7164640073,host,1973-10-03,Other,"5058 Arroyo Lodge Apt. 028, Port Christinemouth, Equatorial Guinea",2021-12-18,,active
59,Christopher Washington,jose83@icloud.com,07emXp0g^p,5005122076378,host,1966-02-15,Female,"612 Kelly Cliffs Apt. 402, Port Brendanview, Guadeloupe",2020-07-20,2024-03-25 06:05:00.431431,inactive
60,Shelly Smith,bruce19@outlook.com,J!8m#pSwRq,,host,1966-04-01,Male,"674 Davis Fork, North Lauren, Slovakia (Slovak Republic)",2024-07-18,,active
61,Gregg Case,rebecca07@yahoo.com,G)x65CacBz,15939112419,host,1981-06-28,Female,"6008 Reyes Loop Suite 693, Mossland, Vanuatu",2022-10-20,2024-12-09 03:09:48.073729,active
62,Steven Combs,jonathanbrown@hotmail.com,@9Wu*DcDnF,6356729234,host,1960-01-25,Other,"084 Cody Isle Suite 112, Smithview, Tanzania",2021-02-23,2024-06-04 02:22:41.124720,active
63,Joseph Ingram,xdiaz@gmail.com,E1)7NfNM++,806202757774573,host,1969-01-20,Female,"277 Dunn Estate Apt. 178, Port Christopherchester, Samoa",2020-06-07,2024-09-17 14:55:54.527978,active
64,Tiffany Hunter,robin97@gmail.com,!mmA36QzH*,,host,1994-06-09,Female,"23319 Joseph Curve, Devinberg, Vanuatu",2021-11-04,2024-05-09 18:50:38.372254,active
65,Robin Taylor,mmartin@gmail.com,*ST8NQRttQ,760855642032276,host,1955-07-09,Female,"634 Kevin Estates Suite 316, Harrismouth, Liechtenstein",2020-08-25,2024-11-25 04:44:32.895915,active
66,Jonathan Young,pkramer@yahoo.com,@e2MilvFv6,212939542175913,host,2001-07-22,Other,"7281 Benjamin Prairie, West Billy, Congo",2024-10-11,,inactive
67,Ashley Bowman,tracie29@gmail.com,&$9Tz+Y@46,18897700952,host,1955-06-13,Male,"60551 Anne Vista Apt. 418, Wolftown, Niger",2022-01-06,2024-12-05 22:47:35.393854,inactive
68,Sandra Serrano,stephen78@hotmail.com,&6RzEWfL$n,14692628138,host,1970-04-19,Male,"904 Patricia Vista, Reedbury, Russian Federation",2022-11-19,2024-12-01 17:30:08.129628,inactive
69,Barbara Jackson,swhite@gmail.com,#!9Bh@&+wn,5659221270,host,1975-02-28,Other,"16157 Dustin Bridge Apt. 237, New Kathleen, New Caledonia",2023-05-02,2024-10-15 14:58:37.117715,inactive
70,Austin Stark,flemingjoan@hotmail.com,OG5WXQyp$+,4315431664,host,2004-09-26,Other,"31855 Campbell Meadow Suite 305, New Elizabeth, Central African Republic",2023-10-09,2024-08-30 07:11:39.397671,inactive
71,Molly Jones,josephgallagher@gmail.com,n^0AAWZy(P,462857149423887,host,1980-05-29,Other,"5342 Angela Stream Suite 899, North Michelleberg, Kenya",2023-03-23,2024-02-13 11:56:23.368164,active
72,Brittany Morgan,aaron22@icloud.com,ziHmceMn&2,0019797784896,host,1993-07-08,Male,"515 Kimberly Keys, Melissaland, Albania",2024-04-17,2024-07-09 18:31:21.613784,inactive
73,Jeffery Cohen,dudleytracey@icloud.com,)+W6(#oiE9,5812968921,host,1961-10-25,Female,"2057 Justin Mill, East Melindaborough, Zambia",2021-12-06,2024-10-24 17:52:18.672338,active
74,Karen Hernandez,steve00@hotmail.com,7Wpu*Fwt(a,5188247152,host,1967-12-02,Female,"4061 Catherine Points Apt. 440, Port Christopherberg, China",2023-07-29,2024-08-01 10:32:17.678116,active
75,Lance Wu,ramirezjennifer@outlook.com,b5tHaQOG$!,001429531101926185,host,1984-12-24,Male,"38790 Michael Skyway Apt. 543, Baileyburgh, Togo",2022-07-20,2024-07-16 02:25:10.383856,active
76,Michael Christensen,torreselizabeth@hotmail.com,DmedNbcb_7,997885813832038,host,2000-10-07,Other,"02692 Amy Greens Apt. 061, Mooreburgh, Singapore",2022-10-06,2024-10-22 11:26:56.789411,active
77,Oscar Burton,michealhughes@gmail.com,aM(q6XGidQ,88869418340868,host,1954-02-02,Other,"03270 Obrien Squares Apt. 485, Adammouth, Marshall Islands",2020-03-01,2024-12-04 16:39:44.554777,active
78,Jessica Bennett,glassnatalie@outlook.com,(vYmDg$lW8,145956714449156,host,1997-10-25,Male,"217 Weaver Mount Suite 345, Timothyton, Philippines",2021-10-19,2024-10-30 02:04:36.974191,active
79,Spencer Escobar,jose94@yahoo.com,f#1Ez)Hk@!,0017723853139322,host,1987-12-20,Female,"9303 Alexander Summit, Port Catherineland, Papua New Guinea",2024-07-31,2024-04-18 23:07:49.630211,active
80,Curtis Dominguez,christinale@yahoo.com,4(r0zNbq5F,930845792280051,host,1990-09-18,Male,"7580 James Branch, Mataville, Finland",2022-03-21,2024-01-12 21:23:36.587248,active
81,Kimberly Allen,susan36@icloud.com,&UC2)aUxtN,93329952253395,host,1972-12-04,Other,"02645 Molly Point Apt. 295, Donaldton, Brazil",2024-03-29,,inactive
82,Charles Benson,neaton@outlook.com,kl8Co!#y)W,5519843244428,host,2005-05-19,Female,"0411 Carpenter Land, Lake Scottchester, French Guiana",2024-12-10,,active
83,Tonya Warner,joycegutierrez@outlook.com,93YFwVej%!,185867965369081,host,1993-06-13,Female,"475 Simmons River Suite 408, West Jenna, New Zealand",2022-01-28,2024-03-23 11:24:35.504197,active
84,Crystal Young,robinsonlaura@hotmail.com,m^07gTAhu7,30322521260944,host,1965-11-06,Other,"89717 Jessica Lodge Apt. 192, Fernandeztown, Vietnam",2023-06-17,2024-04-09 11:45:20.106519,inactive
85,Ryan Hughes,morrisrussell@gmail.com,8@49VStxWI,00187450753991459,host,1955-09-24,Female,"862 Michael Burg, Dixonmouth, Saint Martin",2023-02-15,2024-03-17 18:47:46.974583,active
86,Andrea Doyle,hjones@gmail.com,PH3Xvklf@7,96170557493720,host,1965-01-10,,"55986 Chad Prairie, Cooperton, British Virgin Islands",2021-09-13,2024-06-23 21:09:53.500714,inactive
87,Sarah Tate,kvaughn@yahoo.com,L)P3#MKvk^,49292889026020,host,2002-08-30,Female,"3313 Adam Flat Suite 187, Lake James, Moldova",2022-06-02,2024-12-09 05:36:06.747921,active
88,Richard Williams,yharrison@gmail.com,*kX99Owl3O,0015209031348504,host,1994-01-07,Male,"005 Dawson Fields Suite 752, Michellestad, Syrian Arab Republic",2021-10-31,2024-09-29 09:47:52.646852,inactive
89,Benjamin Vazquez,gutierrezbrandon@hotmail.com,7f#MrKR3#V,833544103487723,host,1967-12-29,Female,"1806 Mccarthy Wells, Derekhaven, Malawi",2023-01-21,2024-05-31 16:37:58.847725,inactive
90,Michael Joseph,duncangregory@hotmail.com,N&1Qkovg8Y,6728756927314,host,1977-08-29,Other,"96246 Justin Square, Billyshire, Gabon",2023-03-04,2024-06-14 12:22:11.561181,active
91,Robert Wong,cookandrew@icloud.com,11sDy7Yb)4,26254094567191,host,1962-01-30,Male,"79581 Clark Isle Apt. 244, Ethanberg, Liberia",2020-06-30,2024-04-30 19:58:33.729042,inactive
92,Terry Watson MD,gabriellasherman@gmail.com,8n+GHcpp!$,,host,2005-11-26,Other,"6529 Alexander Land Suite 353, Port Elizabeth, Malawi",2020-07-21,2024-07-06 18:54:47.399790,active
93,Dorothy White,kenneth54@yahoo.com,6W3mk_Ptv$,0017284678283,host,1950-10-09,,"9158 Brandon Hill, Lake Michelleburgh, Zambia",2023-06-26,2024-07-02 17:26:25.360921,inactive
94,Emily Conner,pagejeffrey@outlook.com,RtD5RUi*$X,4045485581682,host,1955-10-21,Other,"0437 Johnson Prairie, South Hector, Sri Lanka",2021-05-07,2024-06-18 22:16:42.211713,inactive
95,John Trujillo,nlindsey@icloud.com,Yy23N6xe)%,289327755772340,host,2006-11-07,,"8722 John Views Apt. 681, New Tonyachester, South Georgia and the South Sandwich Islands",2021-11-19,2024-10-27 13:29:17.167753,active
96,Gabriel Sullivan MD,markaustin@hotmail.com,qi+h13Pk(@,87952290140258,host,1993-08-24,Other,"030 Ramos Mall Apt. 076, Jeffreybury, Timor-Leste",2020-05-02,,active
97,Eric Pierce,frank41@outlook.com,c!0BIUxY$2,00190051216607571,host,1980-10-18,Female,"372 Kelly Shore, Melissaside, Solomon Islands",2021-05-11,,active
98,Ashley Murphy,joelfoster@yahoo.com,olo5*3Bk$M,0016517304435648,host,1984-07-01,Other,"857 Wagner Fall Suite 128, Lake Christopher, Saint Lucia",2021-12-08,2024-05-22 04:03:56.593793,inactive
99,Tracy Martinez,brightjacob@hotmail.com,A!$6EEw+Kn,823521257773609,host,1974-09-19,Male,"652 Jill Lights Apt. 593, Robertport, Timor-Leste",2020-03-09,2024-08-13 03:06:10.867436,inactive
100,Justin Thompson,michaelathomas@gmail.com,*o6&JWuSKr,8305218957,host,1985-05-06,Female,"7124 Thompson Ramp Apt. 032, Rebekahborough, Malaysia",2021-02-27,2024-04-29 07:32:15.512391,inactive
101,Haley Hernandez,ashley14@outlook.com,31Vtq(ag^w,001421713178842993,host,1954-05-31,Other,"532 Simpson Lodge Apt. 241, Carrieport, South Georgia and the South Sandwich Islands",2024-07-24,2024-08-15 13:36:59.254381,inactive
102,Erin Williamson,bvillanueva@outlook.com,&A6aM!b015,6216126639,host,1995-09-30,Male,"74175 Kimberly Plaza Apt. 063, West Margaret, Niue",2022-12-29,2024-07-19 04:35:53.085195,active
103,Mary Galloway,thompsoncrystal@outlook.com,+L4NKYcz*p,46041237224201,host,1959-02-05,Male,"01039 Anthony Views Suite 745, Johnbury, Vietnam",2020-01-23,2024-04-05 21:27:24.389681,inactive
104,Douglas Cox,bherrera@outlook.com,b+99nOpT6q,738390702371696,host,1969-03-18,Male,"9102 Rivas Burg Apt. 671, Rebeccachester, Gabon",2024-03-20,2024-07-24 07:42:02.999229,inactive
105,Timothy Gardner,theresa03@icloud.com,+3)3)WAl+3,18617391794949,host,1993-12-25,Female,"90882 Spears Cove, Tranchester, Tuvalu",2021-12-13,2024-11-14 20:56:34.100987,active
106,Elizabeth Reynolds,martinvicki@yahoo.com,cJ0e$7SceO,9897804929,host,1963-06-06,Other,"78862 Juan Path Suite 149, Kevinfort, Afghanistan",2023-06-18,2024-07-25 23:04:56.355095,active
107,Kelsey Garcia,stewartscott@gmail.com,q)@J7L^oAx,40937234743671,host,2003-12-18,Other,"81809 Strickland Fort Apt. 163, North Valerie, Philippines",2022-02-22,2024-07-18 05:25:30.422374,inactive
108,Michael Smith,frederickshaw@gmail.com,J6nzpWyp^&,00144360526431193,host,1967-06-23,Male,"52089 Christopher Freeway, Howellland, Yemen",2023-12-13,2024-06-05 13:27:17.130729,active
109,Ann Bowers,maureenpreston@outlook.com,$$BEth)Tq5,7587547046893,host,1997-04-17,Female,"479 Miller Squares Apt. 838, Cranefort, Serbia",2024-03-19,2024-11-19 21:14:46.908911,active
110,Kristina Taylor,hroth@icloud.com,ey*0Qn93i),47932604456791,host,1983-03-19,Male,"83383 Valentine Grove Apt. 907, Allenshire, British Virgin Islands",2023-05-07,2024-06-22 04:25:45.150392,active
111,Claire Cox,campbellmichael@hotmail.com,_9JWQNfpV9,,host,1971-04-05,Female,"8911 Jones Pine Suite 340, Port Christophershire, Gambia",2020-08-20,2024-10-16 23:07:47.769654,inactive
112,Valerie Mckenzie,joshua09@gmail.com,I(I7FEi(Eh,14136301592094,host,1986-08-14,Other,"64962 Michele Rue Apt. 492, South Dennis, Suriname",2022-11-09,2024-03-15 01:14:03.791067,inactive
113,Jonathan Mcdonald,shelly28@icloud.com,X!4SXzLpLY,669916573400029,host,1979-01-21,Female,"08002 Hendrix Keys Apt. 268, Lake Jeremy, Turks and Caicos Islands",2023-03-27,2024-07-10 21:39:53.258431,inactive
114,Trevor Brown,codyscott@icloud.com,%N0NcYdqzi,7474539958,host,1991-05-27,Male,"97135 Saunders Green, Port Cheryl, Portugal",2024-11-05,2024-01-21 15:32:59.790583,active
115,Renee Reyes,andersonandrew@icloud.com,_j6VqDICHB,,host,1998-12-25,Other,"79284 Charlene Square, Williamsonmouth, Burkina Faso",2023-08-21,2024-10-21 09:03:35.638944,inactive
116,Dominique Richardson,christopher21@hotmail.com,)A2^Kkqz2#,8862597036,host,1974-04-11,Male,"4925 Robert Extensions Apt. 769, West Haleyport, Bouvet Island (Bouvetoya)",2020-07-18,2024-06-06 03:16:38.746700,inactive
117,Randall Levy,fmolina@yahoo.com,(2UXUAhpvk,001766660336278395,host,1993-10-11,Female,"964 Jennifer Manor Apt. 644, Port Lisabury, China",2024-12-18,2024-09-05 04:10:17.774452,inactive
118,Emily Palmer,millerdanielle@outlook.com,$Y9WBrnt6n,4428162275,host,1968-04-07,Other,"0280 Watts Station Suite 650, Paigefort, Korea",2024-02-07,2024-02-08 13:13:04.529721,active
119,Charles Wallace,gabriella32@icloud.com,^^9PaZmtOy,2495785362,host,2001-01-12,Female,"1047 Stone Lock, Robinport, Armenia",2023-06-14,2024-06-27 19:34:32.704550,inactive
120,Connie Brown,vtaylor@outlook.com,+1D2yANdPK,9766501262462,host,1973-10-12,Other,"0304 Wade Circles Apt. 246, Zacharyhaven, Liberia",2022-04-30,2024-02-08 19:03:02.036874,active
121,Raymond Bryant,aaron81@outlook.com,@R0NYsah@F,2259199434,guest,1966-05-16,Other,"6772 Stokes Terrace, North Jeffery, Korea",2020-09-09,,active
122,Veronica Thomas,bowenkathryn@hotmail.com,*9iR0aSS$Y,6788295184,guest,2004-10-02,Male,"64487 Mary Station Apt. 570, East Susanside, Nicaragua",2021-03-22,2024-12-14 23:24:06.558440,inactive
123,Justin Jacobson,mccarthynicholas@yahoo.com,MJ2LqsRE@b,5428969733,guest,1962-04-06,Male,"4286 Alexa Course, Sharonburgh, Niger",2023-05-15,2024-08-19 18:22:58.389521,active
124,Jaime Anderson,langjanet@gmail.com,+^I8hHt+8%,12192357634997,guest,1967-05-19,Male,"38446 Steven Loop Suite 621, New Jamie, Saint Helena",2024-06-12,2024-12-08 11:25:09.696448,inactive
125,Bob Wilson,andrewgomez@gmail.com,&4eZ&gqBGx,4307590963,guest,1969-12-10,Male,"3667 Juarez Camp Suite 557, Andersonfurt, Armenia",2022-11-26,2024-11-01 08:27:49.998861,inactive
126,Roberta Booker,jill34@hotmail.com,)M^4J+1s)8,17678890300232,guest,1961-09-24,Male,"26297 Jonathan Throughway Apt. 856, Singletontown, United States of America",2022-05-10,2024-08-01 13:15:16.886453,inactive
127,Bridget Malone,mcleanalexander@yahoo.com,!6TJPyr6DT,7874779375618,guest,1981-07-23,Female,"7949 Diamond Points, West Carlside, British Virgin Islands",2022-02-08,2024-11-12 21:00:05.184486,active
128,William Bailey,kristincampbell@gmail.com,qFL*6H@yVP,7077349136,guest,1978-04-13,Male,"32462 Casey Garden, Crosbymouth, Somalia",2022-03-20,2024-04-10 07:43:11.785851,active
129,Monica Williams,ramseysteven@gmail.com,MMIuvHgl&3,420402675431379,guest,1961-10-22,Female,"79422 Keith Neck Apt. 505, Velasquezside, Chile",2022-08-17,2024-03-12 11:40:59.017545,inactive
130,Christina Chan,qjennings@icloud.com,81E3KnDu%1,,guest,1985-11-17,Female,"52186 Lee Tunnel, East Susan, Mauritius",2023-11-23,2024-12-14 07:46:23.868999,inactive
131,Kevin Mays,yfox@icloud.com,7!M3AGGrvs,6759556867,guest,1989-03-23,Male,"701 Michael Isle, Port Valerie, Barbados",2024-02-21,2024-10-02 08:38:04.924040,inactive
132,Stacy Roberts,mark77@gmail.com,#nLxwGKne6,9155059051,guest,1954-08-27,Female,"641 Chen Junction Apt. 683, Port Christopherville, Ghana",2020-05-11,2024-09-19 12:19:14.472708,active
133,Sabrina Young,kathy43@gmail.com,m0U#n(Pr#z,17804939603,guest,1980-05-08,Other,"12504 Miller Lane Suite 286, Millerstad, Estonia",2022-05-27,2024-05-05 04:04:56.734478,active
134,Melody Christensen,matthewpratt@icloud.com,3EILMuHx+d,17948310133,guest,2004-11-14,Male,"619 Marshall Meadows Suite 618, Lake Jimbury, Fiji",2021-10-14,2024-08-02 16:44:47.698277,active
135,Wesley Bryan,jonesangela@hotmail.com,&1jT+Jjd+f,18246366134813,guest,1950-06-15,Female,"13872 Parker Mountain, Williamburgh, El Salvador",2023-07-18,2024-12-13 20:08:14.065203,active
136,Amy Marshall,beth66@yahoo.com,3j6+^T4LB),4443290489,guest,1955-07-26,Other,"41256 Samantha Plain Apt. 772, East Deborahview, Peru",2023-02-07,2024-08-21 22:04:25.460683,active
137,Marc Garner,margaret69@outlook.com,V0W^O#nL$t,47666104972417,guest,1996-07-26,Other,"83115 Allen Haven, West Denise, Gabon",2022-10-05,2024-07-08 08:35:49.289870,inactive
138,Kyle Gibson,imoreno@outlook.com,@(1v@Jqa2$,324743558175976,guest,1987-06-21,Male,"45086 Joshua Mews, New Matthewmouth, Angola",2022-03-08,2024-07-08 11:08:05.346391,inactive
139,Rebecca Martinez,vrussell@outlook.com,yi^7IGey+p,14076165098566,guest,1957-03-29,Male,"1622 Rojas Spring, Lake Larry, Sudan",2020-06-14,2024-06-28 14:08:44.588857,active
140,Matthew Gonzalez,cbrown@gmail.com,*4FlQNSpbr,001875362915539157,guest,1958-02-06,Female,"53680 Annette Centers, South Lynnchester, Cook Islands",2023-12-12,2024-04-07 16:01:25.871207,active
141,Michael Smith,gsilva@hotmail.com,!SVft(aK5l,3453355690,guest,1970-01-18,Male,"963 Houston Roads, Port Carl, Heard Island and McDonald Islands",2021-02-10,2024-01-10 10:11:00.725640,active
142,Richard Young,zmills@yahoo.com,26C@huwJ^A,3386907144544,guest,1977-07-30,,"6998 Cole Union Apt. 936, Cunninghamview, Palestinian Territory",2020-09-25,2024-05-20 17:49:50.914430,active
143,Troy Snyder,linda01@gmail.com,aG2S8bCWR),421348368157292,guest,1967-04-29,Male,"7579 Rachel Extensions Suite 330, Danielburgh, Equatorial Guinea",2020-03-24,2024-05-08 23:49:16.161334,active
144,Katie Williams,jenny75@outlook.com,zLZzqKXc)2,001662894284097731,guest,1988-11-30,Male,"6509 Rodriguez Crescent, Wrightside, Djibouti",2021-04-04,,active
145,Paul Levy,timbryant@outlook.com,(0z59NiHf(,3167450845580,guest,1998-02-02,Female,"653 Andersen Garden Suite 157, South Jon, Jamaica",2021-05-13,2024-09-17 01:37:17.031358,inactive
146,Stephanie Terry,christopherhart@yahoo.com,11K3N7ul#*,4588830288,guest,1965-07-27,Male,"973 Jason Cliffs Suite 999, East Ashley, French Guiana",2020-03-25,2024-09-07 14:56:30.764901,active
147,John Molina,eperez@hotmail.com,Yg9+2Y4r&N,9185673176612,guest,1986-12-05,Male,"66673 Lopez Corners, Lake Cody, Czech Republic",2020-11-22,2024-08-22 19:14:53.983276,active
148,Steven Zuniga,corey12@outlook.com,n3W#3UFe@n,0015978924968697,guest,1997-12-07,Other,"7061 Martinez Divide Suite 423, Nicholsside, Myanmar",2020-12-03,2024-11-13 05:31:38.905440,active
149,Matthew Davenport,nicholas15@yahoo.com,nRj00afi+8,273311942613638,guest,1988-10-18,Male,"5742 Bethany Centers Apt. 777, Jennifershire, Suriname",2021-12-11,2024-05-29 19:14:30.641931,active
150,David Perez,andrewspreston@outlook.com,(GX1RSnbn3,13245894621,guest,1987-08-17,Other,"4168 Stark Mountain Suite 037, East Alexa, South Africa",2023-01-31,2024-04-26 12:18:47.980603,inactive
151,Kimberly Smith,nhale@icloud.com,(2gBE3izQN,2659269212,guest,1956-07-10,Male,"14744 Mitchell Corner, Robertville, Estonia",2020-06-24,2024-02-07 06:03:06.154748,active
152,David West,fchavez@yahoo.com,CUl2kgMkY_,9269253359,guest,1986-02-25,Other,"2989 Richard Square, Lake Patriciabury, Guatemala",2023-07-21,2024-05-16 18:57:36.180204,inactive
153,Carlos Peck,ssanders@outlook.com,v@7Bu8mpxI,9283475616,guest,1973-04-02,Other,"033 Melinda Spur Suite 658, Port Angelaview, Nicaragua",2021-10-14,2024-06-27 02:40:53.157321,inactive
154,Andrew Brown,richardstephens@yahoo.com,ORdP5qQc%I,0018093840209,guest,1979-03-06,Male,"4443 Roman Locks, West Justin, Solomon Islands",2022-01-21,2024-05-30 12:51:09.280926,active
155,Edward Gordon,greenjose@yahoo.com,JnG9D*qi@7,3368500045,guest,1957-08-13,Female,"38753 Amanda Mount Suite 314, Port Kennethshire, Ecuador",2022-08-14,2024-06-20 12:27:46.546116,active
156,Janet Castaneda,karen84@hotmail.com,!V6gLC7auw,607981369346878,guest,1989-01-22,Other,"6703 Luke Parkway Suite 819, South Matthew, Philippines",2022-11-17,2024-11-08 09:16:20.691313,active
157,Andrew Turner,cvang@hotmail.com,#7APFhfQtu,,guest,1960-06-19,Other,"965 Wendy Unions, Marychester, Poland",2021-08-30,,inactive
158,Martin Parker,thomas04@hotmail.com,AY7@EOimq_,,guest,1998-11-22,Male,"4104 Peter Vista, West John, Timor-Leste",2022-01-04,2024-03-24 06:27:44.299266,inactive
159,Matthew Villarreal,hmiles@hotmail.com,zW6Ra9w&%F,40029077736155,guest,1991-12-09,Other,"590 Jerry Well Suite 139, Port Jessicafort, Turks and Caicos Islands",2024-11-24,2024-12-03 20:33:05.566043,inactive
160,Mark Reynolds,steeleleslie@gmail.com,4WaN(kpT+g,4279746513,guest,1987-01-13,Male,"6837 Rebecca Cliffs Apt. 890, Wilsonfort, United Kingdom",2023-06-04,2024-09-14 08:44:25.186777,inactive
161,Cindy Wood,jessicatorres@yahoo.com,)$4N3gdpqk,943300221975490,guest,1959-07-07,Female,"856 Davis Tunnel, Burtonberg, China",2022-02-20,2024-05-03 12:41:48.276512,active
162,Brandon Anderson,hwolfe@outlook.com,#C1DIMu#Si,0017809780194527,guest,1967-03-01,Other,"3894 Taylor Lock Apt. 056, West Cindy, Jordan",2024-10-21,2024-08-18 11:43:34.686665,inactive
163,Brandon Martinez,john19@outlook.com,)DqHgtO%(4,740919148602715,guest,2006-03-23,Male,"772 Ramirez Squares Apt. 405, West Cheryl, Belarus",2022-12-22,2024-01-02 14:21:07.921515,inactive
164,Matthew Cline,marcia89@gmail.com,S6Q_CfsO+M,399736854404468,guest,1988-12-09,Female,"6122 Bray Viaduct, New Nicholeport, Nepal",2024-01-05,2024-10-12 17:42:47.600238,inactive
165,Heidi Oliver,spencerdonna@gmail.com,^$7MrUdp(8,28139229833561,guest,2000-01-11,Other,"217 Lewis Divide Suite 072, Josephborough, Comoros",2023-12-26,,active
166,Jonathan Wilson,ycasey@yahoo.com,+88HL!jh1*,,guest,1992-06-17,Female,"805 David Inlet, Matthewborough, Guadeloupe",2024-11-17,2024-06-22 19:51:32.727366,active
167,Bryan Wolfe,laurie78@yahoo.com,$o0WXUlTZr,345301937630959,guest,1962-07-08,Male,"309 Kristin Meadow, Port Lori, Australia",2023-12-14,2024-09-02 22:11:09.497752,inactive
168,Brent Wilson,myerskeith@gmail.com,_J0KbLg_&h,7213343960047,guest,1983-05-12,Other,"86739 Brent Wells Apt. 440, Maryfurt, Palau",2020-12-09,2024-09-11 12:00:18.523224,inactive
169,Alexa Thomas,juan05@outlook.com,H0Xv6Mlvt@,00146043392382358,guest,1965-03-08,Male,"3807 Bell Lock, East Claudiamouth, Cote d'Ivoire",2022-11-28,2024-09-17 00:25:13.379346,active
170,Cassie Stephens,smithkenneth@icloud.com,ZaQ1uPy#@b,0013322613447925,guest,1992-06-22,Other,"32334 Gibson Highway Suite 633, Robinmouth, Seychelles",2021-11-30,2024-08-10 08:55:59.135587,inactive
171,Benjamin Young,adamjames@gmail.com,_Lu3Er$x^2,00145050774301605,guest,1971-07-11,,"25569 Brian Underpass Apt. 632, South Joseph, Kyrgyz Republic",2022-05-07,2024-05-18 07:05:16.701972,inactive
172,Jason Gonzalez,waterskara@outlook.com,spM)FRTe(9,7317574565,guest,2005-06-03,Female,"190 Rich Forge, New Daniel, Slovakia (Slovak Republic)",2024-08-02,2024-10-06 14:34:55.451114,active
173,Jordan Lee,meganwoods@yahoo.com,@0ESwctDIj,13987469626095,guest,1977-11-25,Male,"50554 Natalie Road Apt. 439, Wattsview, Cambodia",2022-12-26,2024-11-24 08:03:52.876844,inactive
174,Kimberly Evans,jshepard@icloud.com,d5QO)p46#m,529888638959725,guest,1999-03-24,Other,"80027 Johnson Pine, Lopezborough, Cambodia",2021-01-19,2024-01-20 12:21:39.153524,active
175,Brenda Holloway,kmelton@yahoo.com,+7I5i&miF9,8428393099,guest,1977-11-16,Other,"24165 Brian Valleys Apt. 259, Amandachester, Guam",2023-05-01,2024-01-15 15:23:59.300699,active
176,David Brooks,leslie41@yahoo.com,LFbGgNPk+8,4492332295,guest,1953-10-26,Female,"0834 Jason Expressway, Lake Phillip, Micronesia",2024-12-10,2024-01-03 17:13:04.058720,inactive
177,Jay Hayes,christopherprince@gmail.com,7SiUC)q@^h,695457618214214,guest,1952-05-29,Other,"2555 Sherman Shoals Suite 591, Laurenfort, United States of America",2020-08-14,2024-11-02 10:23:22.485211,active
178,Richard Cabrera,james37@outlook.com,%1N^%HxXL+,67190651737089,guest,1964-02-17,Other,"51199 Hayden Place Suite 533, Laurenhaven, Monaco",2022-04-30,2024-05-23 06:12:07.917083,inactive
179,Tyler Peters,kelly49@hotmail.com,t)%UB9Kh7+,78344766586137,guest,2002-02-20,Male,"824 Jennifer Oval, West Rebecca, Gambia",2021-09-28,2024-11-07 09:39:30.282370,inactive
180,Jennifer King,dmcdonald@outlook.com,8pK0EaTud^,,guest,1969-06-30,Male,"0312 Eric Well, New Natalieville, Turkey",2023-10-12,2024-05-19 06:18:44.878385,active
181,Leslie Morales,vwu@gmail.com,@NBqqIi@(9,19083409064,guest,1980-07-25,Male,"206 Pratt Spurs, East Kimberly, Bulgaria",2021-03-18,2024-12-12 13:14:28.986417,inactive
182,Jason Robinson,tammy27@outlook.com,$@9WVdLo#2,0013078828807,guest,1957-08-03,Male,"558 Eric Mountains, East Jennifer, Yemen",2022-05-10,2024-05-28 07:39:08.997879,inactive
183,John Clayton,davilamichael@hotmail.com,%!WVfL43F5,6794176099,guest,1963-07-09,Other,"917 Mitchell Center Apt. 479, Garzaside, France",2023-03-30,2024-10-19 01:44:52.396116,inactive
184,David Li,danielsryan@hotmail.com,+xE9EoIxDj,,guest,1960-08-28,Male,"50154 Turner Cove, Levineberg, Malta",2023-01-13,2024-05-08 14:28:00.482456,inactive
185,Robert Edwards,sarah82@icloud.com,_EV*7Tqnr6,350381930916686,guest,1970-07-04,Female,"188 Kennedy Bypass, South Bonniestad, Armenia",2020-02-04,2024-06-06 15:52:50.202969,active
186,Matthew West,tanyacosta@icloud.com,$e4k1Q4x3#,9437361409,guest,1988-01-26,Male,"903 Steven Forge, New Karen, Ghana",2024-10-05,2024-08-17 14:24:11.156365,active
187,Charles Harris,loritodd@outlook.com,TXv1Wn#vZ&,19386579448229,guest,1961-08-19,Other,"5971 Justin Landing Suite 350, East Cassidy, Madagascar",2021-05-15,2024-05-15 15:28:22.053077,active
188,Alexander Perry,salaschristopher@yahoo.com,Q3EVfZ_h+U,,guest,1977-05-31,Other,"1932 Burton Unions, North Denise, Greenland",2020-10-15,2024-04-08 18:36:44.449694,inactive
189,William Snow,justinbrown@outlook.com,+316QeY1vp,82141666014812,guest,1988-11-26,Other,"1739 Freeman Haven, Francesport, Ukraine",2024-06-13,2024-08-22 01:02:40.538478,inactive
190,Carlos Chaney,hubbardsierra@yahoo.com,2Lg%Q4TcKO,001425702913830875,guest,1995-05-04,Female,"80696 Brenda Summit, South John, Myanmar",2023-08-15,2024-02-06 01:56:43.045789,inactive
191,Logan Riley,walkerkathy@hotmail.com,Z7DiYDDl*%,1403777351867562,guest,1996-06-14,Male,"7823 Sheila Valley, Port Erinmouth, Spain",2022-04-07,,active
192,Mark Petty,wpruitt@outlook.com,^)9Fnl!s(5,8536538583804,guest,1955-11-08,Other,"876 Daniel Corners Suite 313, Christophertown, Palau",2022-07-24,2024-04-16 07:39:39.354788,inactive
193,Jason Gonzalez,adamkelley@hotmail.com,cQeI21Oud@,18776921257330,guest,1956-02-21,Male,"89615 Christopher Lakes, Mitchellfurt, Slovenia",2023-12-31,2024-04-30 20:55:01.726307,inactive
194,Thomas Huang,christopher54@hotmail.com,$Dfbid0l98,6146182749,guest,1995-02-18,Female,"184 Jennifer Shore Apt. 378, North Cindyport, Cote d'Ivoire",2022-01-24,2024-09-02 21:25:31.218323,active
195,Christopher Brooks,ahawkins@yahoo.com,$3bK0Gca#),8487331532,guest,1980-06-18,Other,"9316 Jennifer Station, East Lukehaven, Bahrain",2024-07-04,,active
196,Vanessa Tate,madisonthomas@hotmail.com,$^7_(Om83Y,001517350668584469,guest,1984-06-11,Male,"57234 Brian Lodge, East Jamesland, Angola",2024-03-07,2024-05-08 02:09:14.870204,active
197,Yesenia Jordan,walterpatrick@gmail.com,nZPlL49o*5,3015804422,guest,1969-12-20,Male,"97046 Kelley Islands Suite 338, Port Elizabeth, Gabon",2023-12-30,2024-01-09 12:41:56.309903,inactive
198,Christian Reed,kim14@yahoo.com,+j0YeALe%i,,guest,2001-09-10,Other,"693 Duarte Lock Apt. 538, Wuhaven, Gabon",2022-06-03,2024-04-28 07:53:22.926372,inactive
199,Anthony Cardenas,samanthavargas@icloud.com,R%hG0GZbVz,15998394784025,guest,1954-12-24,Male,"774 Sarah Trafficway Apt. 618, Port Michael, Jamaica",2023-06-10,2024-11-06 15:13:06.425625,active
200,Dustin Cruz,mserrano@gmail.com,Qs7rEcWk+*,9199331948323,guest,1996-10-13,Male,"1059 Jeffrey Orchard Apt. 159, East Jessicaberg, Gambia",2024-06-23,2024-10-02 05:40:21.589507,active
201,Warren Conrad,christine93@hotmail.com,(#S2lfHdw0,15968495701,guest,1977-07-24,Male,"726 Wiggins Landing, Baileystad, Mexico",2024-06-15,2024-08-17 13:46:27.569730,active
202,Heather Montes,cynthia58@outlook.com,!8AxcV1UV&,225775840425041,guest,1966-08-16,Male,"3122 Kathryn Crossing Suite 790, Elliottmouth, Montenegro",2024-11-26,2024-04-03 07:44:38.291506,inactive
203,Grant Kerr,allenstephanie@yahoo.com,i!_008GjMj,5545603742,guest,1952-07-29,Other,"4855 Short Stravenue Suite 754, Lake Lindsaytown, Tokelau",2022-02-28,2024-10-17 18:00:45.961424,inactive
204,Henry Bennett,qsanders@yahoo.com,G&Yk6Udj1Q,9676480488156,guest,1963-09-08,Other,"651 Johnson Divide, New Christianburgh, Ethiopia",2022-09-07,2024-09-04 01:34:45.052869,inactive
205,Dawn Jones,andrewhudson@outlook.com,*U4D4e*NrS,6086163732,guest,1952-03-20,Female,"393 Becky Springs, East Christopher, Eritrea",2021-08-01,2024-05-16 18:22:11.659666,inactive
206,Lisa Carter,leetammy@outlook.com,R)4NVJwRuQ,7273186750,guest,1965-03-05,Female,"1768 Nelson Corner Apt. 379, Lake Jared, Norfolk Island",2020-08-31,2024-09-22 17:47:54.736107,active
207,Dr. Robert Hatfield,littlenatalie@yahoo.com,#S&WKviv6j,001279391218079133,guest,1953-09-12,Other,"2735 Frost Green, Christineview, Fiji",2021-01-27,2024-05-11 13:29:08.355153,inactive
208,Martin Smith,bwallace@gmail.com,#P7#gQ7vna,001729929202394004,guest,1960-04-20,Other,"40626 Morton Court Suite 564, Kempmouth, Northern Mariana Islands",2021-02-07,2024-10-17 22:08:20.770527,active
209,Laura Alvarez,kara12@hotmail.com,$QW9iNIi^@,6463967415227,guest,1990-01-14,Other,"79635 Salazar Lake Suite 761, Tiffanymouth, Costa Rica",2020-09-30,,active
210,Lauren Hernandez,garciachristopher@gmail.com,(&R3NzSzJ(,264233716668688,guest,1951-09-14,Female,"521 Debbie Hollow, Joshuabury, United States of America",2022-09-28,2024-08-02 02:04:56.712053,inactive
211,Elizabeth Harrell,ian52@icloud.com,(3jxR^fqQp,2425760784262,guest,1956-12-31,Other,"09266 Meyer Fields Suite 087, Lake Leslie, Nauru",2022-02-11,,active
212,Christopher Smith,walkerjill@icloud.com,&kt6F1Ljyx,2216718463,guest,1959-10-20,Other,"63896 Christian Mountain, Cordovastad, Guinea-Bissau",2021-11-10,2024-04-07 23:22:21.333113,active
213,Cameron Gonzalez,courtneykeller@hotmail.com,&e(b9Q5k2!,61366614244391,guest,1987-07-28,Female,"43964 Flores Union, West Samuel, Turks and Caicos Islands",2023-08-13,2024-08-07 14:23:01.875623,inactive
214,Shannon Price,uhaas@gmail.com,c&LjLBvj%7,14327162381,guest,1970-12-05,Male,"355 Bruce Brooks, Gainesmouth, Afghanistan",2024-07-20,2024-11-26 21:12:14.542767,active
215,Jason Hall,rodriguezstephanie@hotmail.com,z5A8eQyx_*,,guest,1954-08-20,Male,"854 Pamela Walk Apt. 502, New Adam, Guatemala",2022-12-27,2024-06-09 09:39:03.108731,active
216,John Garcia,shaun35@icloud.com,oxtaYW)#&2,5206786227,guest,1996-07-06,Male,"896 Walker Terrace, Woodsfort, Suriname",2024-03-10,2024-08-22 18:05:27.626880,active
217,Alejandro Park,kirstenjones@icloud.com,J#cpTds++9,151327207094709,guest,1962-11-13,Other,"516 Fisher Loop Apt. 807, East Patricia, Timor-Leste",2020-09-23,2024-09-13 13:30:02.807971,inactive
218,James Russell,victorbenton@gmail.com,_ezVT$#EU8,8283495635,guest,1981-02-19,Other,"051 Mcneil Mills Suite 345, Melissatown, San Marino",2020-08-15,2024-07-18 11:13:58.670320,active
219,Blake Thompson,nancyvega@icloud.com,^0GpbcZH6_,00156821906322062,guest,1993-06-18,Male,"20046 Willis Underpass Suite 633, South Michael, Papua New Guinea",2023-05-27,,active
220,Jennifer Harmon,jtrujillo@yahoo.com,(366(LKun0,7058824040,guest,1993-08-21,Male,"643 Timothy Road, Port Bethstad, Gabon",2022-01-20,2024-07-25 17:58:24.698289,active
221,Lisa Harris,marilynvazquez@gmail.com,drI0sLmD@@,,guest,1970-06-22,Male,"811 Elizabeth Ville Apt. 050, South Richardhaven, British Indian Ocean Territory (Chagos Archipelago)",2020-01-27,2024-05-13 19:24:33.299566,inactive
222,Victor Horton,browntimothy@gmail.com,$B)jW4za%9,7705677659,guest,2001-06-27,Female,"5399 Reyes Mountain Suite 663, North Steven, Poland",2024-03-22,2024-03-11 23:34:17.898331,inactive
223,Michael Banks,chopkins@outlook.com,(%#0BLjOp2,14784172190,guest,1950-05-23,Other,"92924 Baldwin Plains, East Mark, Antigua and Barbuda",2022-08-22,2024-01-08 12:33:44.737553,active
224,Connie Serrano MD,ugallagher@gmail.com,sxScWS+n^6,9412761483,guest,1983-02-08,Female,"3457 Campbell Prairie, Hardingville, Norway",2024-09-24,,active
225,Amy Adams,amanda50@hotmail.com,6R@p%MuE$6,,guest,1987-10-05,Other,"6183 Figueroa Circle, Burchville, Saint Martin",2020-01-04,2024-06-26 07:35:13.747713,active
226,Charles Torres PhD,dunnalexis@icloud.com,O)5*Vizw5l,8783142319944,guest,1991-09-10,Other,"220 Bill Isle, New Alexa, Spain",2021-11-20,2024-01-01 10:26:06.256504,inactive
227,Jessica Edwards,eric23@icloud.com,Lv5VFazv@X,12528093373522,guest,1949-01-18,Female,"7508 Juarez Hills Apt. 887, West Traciburgh, Malaysia",2024-10-22,2024-05-30 03:52:20.899751,inactive
228,Brandon Kelley,carolmccarthy@gmail.com,Su$I3Rpgs6,347345272429919,guest,1971-07-01,Male,"909 Barron Track Suite 819, Brownmouth, North Macedonia",2024-12-06,2024-09-09 01:04:40.424146,inactive
229,Erica Williams,timothysullivan@icloud.com,Hd3UQRUD0(,863764058268691,guest,1997-12-02,Male,"616 George Common, North Jessicachester, Zambia",2020-07-30,2024-11-14 10:25:55.525985,active
230,Mark Pham,justin79@yahoo.com,x$g2KHv2)6,3604975923,guest,1968-07-25,Male,"44183 Jackson Village, Amandaborough, Cameroon",2021-01-28,2024-12-14 01:58:13.374306,active
231,Megan Hale,jamessmith@icloud.com,M^5Ux(nNfv,611992841118363,guest,1983-04-16,Female,"7163 Leonard Prairie Suite 938, North Kristin, Ukraine",2020-09-08,2024-07-01 09:00:30.288507,inactive
232,Todd Gillespie,tneal@outlook.com,aN5Fxca8f^,4435119255147,guest,1997-09-25,Female,"678 Martin Mews Apt. 923, Waltersmouth, Equatorial Guinea",2022-01-02,,inactive
233,Courtney Welch,shayes@icloud.com,VK37VYsPo$,7419508197433,guest,1964-11-14,Other,"1589 Small Skyway, Lewisville, Lithuania",2021-04-27,2024-03-24 16:05:53.961870,active
234,Douglas Hill,elizabethrussell@hotmail.com,dB7h4Gpd_R,674743446436803,guest,1994-02-01,Male,"17788 Edward Field, Brownland, Croatia",2024-10-08,2024-07-13 01:00:40.601339,inactive
235,Linda Moore,beth81@hotmail.com,+7t*(@Le(T,5429615203,guest,1970-01-04,Female,"9033 Michael Gardens, North Brooke, Finland",2023-07-18,2024-11-28 01:45:00.356331,active
236,Rebecca Roberts,phillip78@hotmail.com,^2LJf%)&!B,626759273883455,guest,1955-09-04,Male,"76581 Emily Spur Suite 442, South Jacqueline, Equatorial Guinea",2023-05-09,,inactive
237,Samantha Underwood,icrawford@icloud.com,+!A15+kA29,4618237649,guest,1992-09-11,Other,"2506 Charles Heights, Lake Melaniehaven, French Guiana",2022-08-21,2024-03-09 19:14:52.381291,active
238,Melissa Cain,qkent@gmail.com,35&Uo5ue*4,,guest,1985-08-14,,"624 Victoria Turnpike Apt. 410, New Carlos, Croatia",2024-04-10,2024-05-13 03:37:18.780503,inactive
239,Joe Lewis,william16@icloud.com,$nCja&aNt5,164735541754979,guest,2000-05-26,Female,"06191 Ashley Pass, West Ashley, Poland",2023-12-24,2024-02-25 21:38:39.523990,active
240,Rebecca Alvarez,katelyn99@hotmail.com,o!W5Kxf4ht,8058007605021,guest,1990-12-30,Female,"86229 Diane Walk Suite 274, Nelsonhaven, Lao People's Democratic Republic",2020-01-05,2024-09-07 15:41:16.535977,active
241,Raven Solomon,bakerjody@gmail.com,$0IQZ_eDwG,98874607829770,guest,1964-08-22,Female,"88610 Ronald Ridge, Port Sean, Eritrea",2023-02-26,2024-02-06 10:55:28.091841,inactive
242,Megan Maldonado,griffinadam@icloud.com,K(0TwLlg#%,2767019184,guest,1952-02-14,Other,"031 Jacqueline Prairie, New Samuelshire, Albania",2022-07-31,2024-10-26 14:53:43.893753,active
243,David Bryant,daniel85@yahoo.com,JZ9RXxtP%l,3223929753,guest,1969-03-20,Male,"262 Stephanie Brook Apt. 544, Laurenburgh, Azerbaijan",2022-02-04,2024-12-08 13:07:54.290821,inactive
244,Daniel Jackson,tylercristian@gmail.com,!2qJ_4rdKI,31786533607038,guest,1965-07-13,Male,"5919 Fuller Green, Natalieborough, Norway",2021-07-03,2024-06-17 09:04:27.579682,inactive
245,Ryan Johnson,rogersapril@outlook.com,^Y6Ll_RbsF,15596566170432,guest,1974-03-06,Other,"78904 Williams Mountains, Lopezfurt, Kazakhstan",2024-09-20,,active
246,James Hampton,crawfordrachel@outlook.com,(2oQr(1j$c,8576572050,guest,2004-11-01,Female,"784 Ian Locks Apt. 279, Annmouth, Martinique",2023-01-12,2024-05-17 18:32:43.445396,inactive
247,Robert Green,marcusfrench@icloud.com,^1JGdmSt#%,19528735337167,guest,1978-06-14,Female,"994 Green Cliffs Suite 572, Munoztown, British Virgin Islands",2022-05-17,2024-01-02 19:06:11.703647,inactive
248,Shirley Hall,richardsmith@hotmail.com,Uv0LN$v0g(,583943053934161,guest,1994-02-03,Male,"62339 Green Tunnel, East Gregoryborough, Cocos (Keeling) Islands",2024-11-27,2024-09-20 20:12:39.859481,active
249,Samuel Spencer,tracyrogers@icloud.com,+$2(ID6ma1,2076134646,guest,1953-01-26,Other,"0404 Ashley Park Suite 880, Melindaborough, Cayman Islands",2020-03-11,2024-08-03 08:23:26.041999,inactive
250,Christopher Garrett,wsloan@icloud.com,qZ64Exz2q@,15733702457207,guest,1997-06-24,Other,"64756 Kristen Street, New Danielchester, Malawi",2020-11-03,,inactive
251,Courtney Robinson,jenniferramirez@hotmail.com,e2@^GX96$@,2758967280,guest,1990-02-08,Other,"2182 Scott Fords, Melissafurt, Jamaica",2022-12-09,2024-03-18 16:11:27.260531,inactive
252,Chelsea Trujillo,uellison@yahoo.com,(8WF)loU)K,0013378728098,guest,1981-07-04,,"3600 Scott Squares, Pennyview, Fiji",2023-12-30,2024-04-07 05:43:26.581584,active
253,Holly Smith,andrew72@outlook.com,^y!KS!ik(4,6359895077,guest,1949-04-19,Female,"7482 Andrew Garden, Ortizborough, Vietnam",2021-08-25,,active
254,Sharon Cook,carlamoore@icloud.com,gV43$EAgZ^,44666781702758,guest,1996-10-03,Male,"829 Alexandra Cape, Danaland, Tajikistan",2023-11-07,2024-12-17 21:54:32.721304,inactive
255,Rachel Harrington,munozcurtis@yahoo.com,DyGE2Re1#8,,guest,1983-02-16,Female,"186 Mccoy Stream, Lake Kerryton, Indonesia",2024-12-12,2024-01-03 18:34:17.111799,inactive
256,James Watkins,debraallen@outlook.com,7S*3h*VtGu,8118523854835,guest,1974-02-13,Other,"26496 Jenkins Pass, Lake Ashley, Guatemala",2021-07-30,2024-03-01 00:34:41.598481,inactive
257,Colleen Kaufman,rmedina@hotmail.com,n+9ubsGcEJ,00178483639241237,guest,1958-01-02,Other,"2703 Leach Plains Apt. 868, North Emily, Albania",2024-10-05,2024-09-24 14:28:48.196064,active
258,Morgan Sparks,paynehunter@gmail.com,d4Mlmc5N%8,8058964103,guest,1998-06-27,Female,"5302 Savage Knoll Suite 714, Lake Kimberly, Congo",2021-11-05,2024-12-13 16:18:56.280261,active
259,Stephanie Williams,schneiderstacey@icloud.com,zdym3FLpU*,796779193545400,guest,1953-11-15,Male,"155 Victoria Mountain, Michelletown, Pitcairn Islands",2020-09-09,2024-07-25 07:55:24.971319,inactive
260,Gerald Wilson,eric70@yahoo.com,_7P#rn2yUF,,guest,1965-10-27,Other,"202 Diaz Lake, East Jamesstad, Turks and Caicos Islands",2021-07-05,2024-01-05 02:27:23.227344,active
261,Lisa Daniel,frodriguez@outlook.com,4sT4sAywL!,876618697923374,guest,1968-09-15,Male,"3662 Linda Point Suite 648, Martinchester, Armenia",2020-09-05,2024-05-29 08:06:50.329714,active
262,Angelica Bruce,aluna@icloud.com,%2ONz#_Y5d,19594852511,guest,2001-02-11,Male,"9315 Carlos Cliffs Suite 575, West Rebeccatown, Croatia",2021-02-03,2024-09-09 01:03:16.436628,active
263,Charles Martin,mrodriguez@outlook.com,0pBxil8h#t,,guest,1983-03-11,Other,"799 Wilson Ridge Apt. 818, Lowemouth, Somalia",2022-08-26,,active
264,Taylor Meadows,uestrada@gmail.com,OR0Rol+m*H,0015045036525623,guest,2006-06-29,Male,"2080 Ward Manor, Port Patricia, Poland",2021-06-22,,inactive
265,Jerome Blanchard,kmoreno@gmail.com,Qo$zHPXa(7,,guest,1954-12-10,Male,"9522 Willie Landing, North Jim, Reunion",2020-01-06,,active
266,Jerry Welch,becky89@outlook.com,)E$F_lKO34,8502385915715,guest,1964-12-22,,"164 Mccormick Crossroad, West Josephton, Sudan",2023-03-07,2024-10-26 19:18:09.735893,active
267,Tammy Walker,houstonryan@icloud.com,o^0Y0YJtkE,7172515146,guest,1983-12-02,Other,"543 Smith Pine Suite 818, Atkinstown, Equatorial Guinea",2021-10-01,,inactive
268,Katherine Conley,pattonbonnie@yahoo.com,!e1hP#6tV!,4596546798,guest,2005-01-29,Male,"7729 Alex Inlet Apt. 683, South Annette, North Macedonia",2023-01-19,2024-04-02 14:29:55.459070,active
269,Grace Cantu,awilliams@icloud.com,9D0b3!Jvd$,7894751304,guest,1961-12-21,Male,"79617 Martinez Row, Chanside, Netherlands",2022-05-05,2024-01-09 05:12:51.033284,active
270,Ruben Vincent,monroedustin@outlook.com,@2#5unIuZ4,9257852518947,guest,1992-01-10,Male,"77504 Misty Mountains Suite 109, North Kimberlyview, El Salvador",2024-11-20,,inactive
271,Kristina Jackson,ohudson@outlook.com,c*6+52Cpi0,3377291715,guest,1993-11-03,Other,"388 Ritter Cliff, Lake Abigailmouth, New Caledonia",2020-10-28,2024-12-08 23:48:19.460606,active
272,Mrs. Stephanie Johnson,kristin41@gmail.com,t6CNSaz4_l,0014298866466,guest,1971-07-19,Female,"18651 Sanchez Dale Suite 490, Richardville, Russian Federation",2022-11-26,2024-05-11 13:06:18.558043,active
273,Adam Wong,joshualawson@gmail.com,hnn8QSupU%,8476495332618,guest,1952-09-27,Female,"83028 Samantha Wells Apt. 380, Sherrytown, Luxembourg",2021-09-21,2024-05-05 02:42:39.362642,active
274,Nancy Reyes,annettegolden@gmail.com,%9QhF6PT65,3182356428,guest,1997-05-03,Female,"5621 Joshua Valleys, Scottberg, Hungary",2020-01-09,2024-09-07 05:22:23.181728,active
275,Amy Mccoy,irobbins@outlook.com,#x6EmACvWV,4312502280,guest,1960-10-29,Other,"626 Michael Mission Suite 074, Port Amandaville, Montserrat",2024-11-22,2024-11-12 00:23:46.165046,active
276,James Hardy,brownjerome@gmail.com,GL6ZUIOc1%,00147858025873496,guest,1974-01-28,Female,"18822 Heather Corner, Kevinhaven, British Indian Ocean Territory (Chagos Archipelago)",2021-03-11,2024-05-19 00:40:56.304875,active
277,Michael Villa,garciamorgan@hotmail.com,K%80Vu1vl),219920081029084,guest,1990-05-29,Female,"704 Miller Mill Apt. 152, West Edwardburgh, Turkey",2024-02-06,2024-11-21 05:03:27.339008,active
278,Tommy Knox,jenniferlewis@yahoo.com,D_%4BahpOQ,392573682189480,guest,1979-05-22,Other,"85659 John Via Suite 152, Lake Timothyport, Mexico",2024-03-04,2024-11-23 20:29:25.552431,inactive
279,Tara Farley,mooreraymond@gmail.com,&J3Nb6Sk%k,87585111823741,guest,1986-08-12,Male,"099 Jones Creek, Lake Sandraborough, Romania",2023-09-14,,inactive
280,Jacqueline Cooke,johnsonmark@icloud.com,y!z^6E+nPC,74754391676673,guest,1979-07-29,Female,"8539 Lauren Forges, Greerborough, Comoros",2021-06-03,2024-11-12 17:13:14.063474,active
281,Beth Guzman,bjensen@gmail.com,A%2L_iKcCq,8422232789,guest,1967-10-03,Male,"597 Michael Prairie Apt. 831, New Randybury, Syrian Arab Republic",2021-09-22,2024-01-31 01:15:00.972735,inactive
282,Crystal Dickerson,robinsonbilly@yahoo.com,MJO(0Fu))%,,guest,1967-11-19,Female,"124 Amber Pass Suite 894, South Leahtown, Albania",2020-02-01,2024-05-15 19:05:28.016128,active
283,Matthew Duncan,stephaniescott@gmail.com,@A5KAqjvT$,9577290465,guest,1975-10-13,Male,"4325 Courtney Cliffs, Johnsonmouth, Reunion",2023-09-25,2024-12-18 11:15:51.399050,inactive
284,Beth Jimenez,robertcarter@hotmail.com,(1c9JZJQr_,35065636935821,guest,1956-05-17,,"875 Cassie Gardens, North Dianafort, Chile",2024-07-28,2024-07-18 08:59:33.936961,inactive
285,Michael Maxwell,lgrant@yahoo.com,TP6mrA!lq!,6953969603,guest,1992-10-05,Female,"420 Vanessa Hill, Rebeccaview, Slovenia",2024-08-09,2024-06-06 17:11:42.156678,inactive
286,Kim Wilkins,adamsjennifer@outlook.com,n^1cQP#tIW,0017813782072,guest,1994-08-23,Female,"0086 Flores Ridge Apt. 985, Stephanieburgh, New Caledonia",2021-12-23,2024-02-19 11:05:06.951379,inactive
287,Joe Jones Jr.,kenneth93@gmail.com,90dD1Op9)$,5329291257,guest,1961-07-30,Other,"898 Jennifer Isle Apt. 848, Juliechester, Tonga",2021-01-29,2024-08-08 21:17:00.683732,inactive
288,Christine Herrera,vgonzalez@icloud.com,)0562WamjX,5543373009,guest,2003-05-19,Male,"836 Duncan Circles Apt. 575, Frazierfurt, Armenia",2022-05-23,2024-09-27 15:07:24.129826,inactive
289,Susan Graves,matthew14@hotmail.com,QrPDgH2d+3,0016765195530183,guest,1980-11-01,Male,"508 Hanson Circle Apt. 402, New Melissaport, Italy",2021-07-19,2024-07-26 16:08:59.736845,inactive
290,Kim Gibson,thomas89@icloud.com,i2KB0xge!Q,,guest,1977-04-02,Female,"6830 Thompson Road Apt. 435, North Jeffreybury, New Caledonia",2023-02-27,2024-01-02 15:09:41.174481,active
291,Adam Moore,jeffreyschwartz@gmail.com,x)1lI+Luuj,4879972385334,guest,2005-12-18,Male,"03505 Nicholas Row Apt. 535, Alexanderview, Burundi",2022-08-21,,active
292,Danielle Rogers,nathaniel46@hotmail.com,(+9#HhsK&J,6224685811833,guest,1959-09-05,Male,"51989 Kelley Mill Apt. 774, Mcculloughfurt, Rwanda",2024-10-18,,inactive
293,Kimberly Thomas,kelly35@gmail.com,!ugrx1l+2G,7983082177631,guest,1963-01-05,Female,"2620 Michael Fall Apt. 731, Lake Michelle, Haiti",2023-03-08,,active
294,Justin Ferguson,earl96@icloud.com,Idp&5CJh9U,18243493514,guest,2005-05-08,Male,"0935 Myers Island, East Donaldview, Guadeloupe",2021-01-29,2024-05-12 15:03:45.413889,inactive
295,Patrick Medina,ruizchristopher@gmail.com,q5Cg9UoV$O,46481227496257,guest,1983-08-30,Male,"435 Donna Turnpike Apt. 794, Rodriguezborough, Ukraine",2024-07-06,,inactive
296,David Smith,jberry@icloud.com,3#8snBwgw9,90871397356669,guest,1963-05-25,Female,"4860 George Light, Susanborough, Thailand",2024-02-08,2024-10-01 17:40:59.600568,active
297,Susan Christensen,stephanie22@outlook.com,$F0Qe2pCUb,3473328806,guest,1978-03-10,Other,"98760 Dawson Row, New Maureenmouth, Cayman Islands",2023-01-04,2024-05-05 18:45:58.180462,inactive
298,John Pham,gina10@icloud.com,VA3Lhcpf9%,001866314074767297,guest,1960-10-06,Female,"666 Susan Knoll, West Belinda, Guernsey",2023-06-10,,active
299,Andrew Silva,amberglover@gmail.com,o&4CoWdxbH,00161873583090911,guest,2003-11-24,Other,"221 Richard Highway Apt. 511, East Jeffrey, Netherlands",2022-05-22,2024-11-13 11:02:03.885209,inactive
300,John Wright,bradygrant@icloud.com,D+6RG3Qdbh,16435705825,guest,1980-06-26,Female,"3939 Leslie Fort Apt. 281, Hunterland, Andorra",2022-07-02,2024-08-11 19:06:30.247507,inactive
301,Heather Monroe,nicole07@outlook.com,$+c1Fb3tj3,18953351993919,guest,1971-03-05,Male,"30452 Gregg Inlet, South Lesliestad, Bermuda",2024-08-15,2024-05-01 09:08:15.280848,active
302,Justin Miller,pjohnson@hotmail.com,#%Y9Ow$XRw,5139017696,guest,1965-08-20,Other,"4902 Destiny Roads, Rivasburgh, Nepal",2021-07-13,2024-08-25 20:32:36.672602,active
303,Keith Moore,david06@outlook.com,#nLt&G8l#3,237361660530885,guest,1984-01-17,Female,"93466 Ann Ridge Apt. 328, Calebview, Portugal",2022-10-26,2024-03-03 02:26:39.957272,inactive
304,Kathleen Johnson,psimmons@yahoo.com,t%1vY&cVQx,00180575664356843,guest,1981-11-22,Other,"766 Hogan Pine, Russellville, Lebanon",2024-11-18,2024-06-18 07:43:10.389434,inactive
305,William Cantu,mccormickdavid@hotmail.com,^c1FFE2Pb@,,guest,2005-02-17,Male,"470 Bean Lake Apt. 757, East Markstad, Iraq",2023-07-28,2024-09-19 12:33:42.287570,inactive
306,Christy Burnett,matthewellis@yahoo.com,(X+8*!Wzx0,6717120366662,guest,1978-03-25,,"84316 James Drive, Jamesmouth, Egypt",2022-07-07,2024-10-15 21:17:53.342735,active
307,Anthony Ramsey,heather11@hotmail.com,F@9CL!tcar,5718380548,guest,1969-09-24,Other,"66191 Johnson Mill Suite 549, Tonyabury, India",2024-01-07,2024-06-20 08:02:11.308706,inactive
308,Mr. Donald Jackson,iblackwell@icloud.com,QG8kG5aD^(,4724040133,guest,1968-04-11,Female,"16356 Peters Estates, Lake Richardton, Norfolk Island",2023-07-07,2024-06-27 04:40:19.562532,active
309,Taylor Jennings,camacholisa@outlook.com,8N!7GDuvY&,,guest,1979-04-22,Female,"563 Green Valleys Suite 731, Christopherport, Ukraine",2023-03-05,2024-08-07 23:53:18.205534,active
310,Peggy Wright,danielnewton@yahoo.com,$YU7VWi8!1,5467107689,guest,1962-05-14,Other,"01942 Earl Haven Suite 786, Port Timothy, Mauritius",2023-08-12,2024-07-25 00:57:07.182850,active
311,Nicole Harris,deborah69@outlook.com,73ZAdk7p&m,1589766359737723,guest,1991-08-21,Male,"2830 Mary Drive Apt. 714, South James, Armenia",2021-03-08,,active
312,Tracy Perez,simsrobin@outlook.com,^TxAY4Kn44,,guest,1976-09-29,Other,"781 Jensen Drives, Trujilloville, Comoros",2023-02-22,2024-01-01 20:32:49.159105,active
313,Justin Martinez,jjohnson@hotmail.com,CU6Sd9qY@p,0016515483610767,guest,1966-03-06,Male,"5856 Eric Summit Apt. 959, New Rachel, San Marino",2024-06-11,2024-01-07 09:14:53.192550,inactive
314,James Stewart,gardnerabigail@hotmail.com,2Ny&3MEf@n,,guest,2006-09-15,Other,"997 Matthew Ville Suite 575, Lake Davidton, Trinidad and Tobago",2021-09-19,2024-02-11 08:48:30.367060,active
315,Rebecca Wyatt,jeremy02@hotmail.com,a+46+FHc!Y,9145712441651,guest,1993-07-08,Female,"84767 Vicki Mall, Jenniferview, Bhutan",2023-02-16,2024-10-15 15:36:10.720002,active
316,Leonard Jensen,johnsontara@icloud.com,pq(!ENRq)1,6317798644,guest,2003-11-12,Female,"271 Bennett Lights Suite 402, Janicemouth, Turkmenistan",2020-05-01,2024-12-08 10:24:00.205488,active
317,Dana Hamilton,sharonnelson@yahoo.com,(0ImB$jUQn,6799224448,guest,2002-12-25,,"98477 Maria Bridge, Ramirezchester, Burkina Faso",2023-04-21,2024-01-22 13:21:36.183311,inactive
318,Fernando Farley,donna25@hotmail.com,7*!S4oO5(3,9142731291,guest,1969-07-13,Male,"4701 Carlson Dale, Bakerhaven, Holy See (Vatican City State)",2021-07-07,2024-11-11 21:17:36.384416,active
319,David Leonard,karencampbell@yahoo.com,&l&07PeK!8,15079787235642,guest,1974-10-15,Male,"7675 Karen Inlet Apt. 605, Petersonstad, Fiji",2022-12-13,2024-04-05 04:41:59.053184,inactive
320,Kelly Horton,johnlopez@icloud.com,nrL1Ws*s+_,0017795219131,guest,1990-01-05,Male,"9662 Chad Track Apt. 993, East Johnfort, Nigeria",2023-10-09,,inactive
321,Caleb Jimenez,daniellegriffin@icloud.com,0N)l*^Lv&7,975213246927307,guest,2005-06-16,Female,"3786 Baldwin Knolls, South Willieside, Qatar",2020-06-03,,active
322,Diana Wolf,robinjoseph@gmail.com,RIeG9Wkn4(,7808616094,guest,2003-11-04,Other,"01854 Amber Centers Apt. 564, Smithstad, American Samoa",2023-04-25,,inactive
323,Michelle Price,mary12@icloud.com,@9B@TuKsPK,19929188983038,guest,2000-03-03,Female,"61936 Page Green, Port Robert, Libyan Arab Jamahiriya",2024-04-25,,inactive
324,Michael Fisher,jessica33@yahoo.com,#JEMVt#Z@5,8487801091203,guest,1985-12-12,Male,"38746 French Prairie Apt. 019, Campbellport, Suriname",2023-01-03,,active
325,Alicia Smith,pchavez@gmail.com,H(Ju*1Cw@L,782463136698889,guest,2005-09-30,Male,"171 Hughes Ports Suite 666, Waterstown, Somalia",2024-04-16,2024-03-16 19:16:22.791313,active
326,Sharon Andrews,ellensmith@outlook.com,I%C#hZnZ!3,0017595728783,guest,1951-10-29,Female,"7533 Roberts Tunnel, Lake Jamie, Congo",2023-11-30,2024-02-25 08:40:32.251096,inactive
327,Denise Johnston,calebmartinez@icloud.com,%B5jzBsf@q,001238401202661505,guest,1954-11-30,Male,"2169 Justin Estates, Rebeccaberg, Rwanda",2021-09-07,,active
328,Donald Butler,curtishernandez@hotmail.com,^3KKOOeoOA,42456030350110,guest,1992-12-21,Other,"671 Rachel Heights Suite 814, South Jeremyville, Liechtenstein",2023-10-30,2024-11-01 20:12:41.036868,inactive
329,Jennifer Villegas,travis27@yahoo.com,H%7G*vqatw,001492693593702127,guest,2006-06-18,Female,"9891 Wendy Dam, Nelsonmouth, French Guiana",2020-07-23,2024-01-28 15:55:22.912168,active
330,Alison Hall,aliciarichardson@yahoo.com,UF3VjPUa*6,9773169021,guest,1968-06-09,Other,"43507 Mitchell Mission, East Nicole, Kuwait",2020-08-06,2024-03-16 00:17:07.157282,active
331,Alexandra Smith,sarah18@outlook.com,d5(LvJlg+R,14082006607,guest,1961-10-15,Male,"883 Reyes Dam Suite 463, South Susanbury, Zimbabwe",2021-02-25,2024-02-22 07:57:02.891319,inactive
332,Krista Ruiz,joshua87@gmail.com,$o$7DVvmm5,4306650526,guest,1960-01-14,Male,"7806 Gary Hills, North Mindy, Niger",2021-08-06,2024-05-17 09:46:31.230814,active
333,Angela Henderson,catherinenorris@hotmail.com,_Vq@fe_zU3,96759450039458,guest,1997-10-14,Female,"8119 Hernandez Parkways, Kristinaview, Niger",2023-01-03,2024-03-24 00:17:15.983731,active
334,Melissa Flores,afreeman@hotmail.com,y6Q$T4UlDk,58757656455008,guest,1950-10-13,Female,"6545 Keith Shoals, North Brian, Denmark",2024-04-04,2024-02-13 21:00:24.976365,inactive
335,Dennis Shannon,silvajanice@yahoo.com,_Ipf8$Am1t,12672983869773,guest,1977-09-25,Male,"78630 Jasmine Brook Apt. 594, Acostamouth, Sri Lanka",2021-02-16,2024-07-30 12:40:50.824878,active
336,Deanna Banks,gregorydavis@hotmail.com,%8G5J$tjZ+,649491665942319,guest,1957-12-17,Female,"529 Tucker Stream Apt. 507, Brittanyton, Lesotho",2023-02-03,2024-10-25 15:18:49.496659,inactive
337,James Brooks,alexandria37@yahoo.com,%BHs4ZFbnF,36984842196714,guest,1954-10-20,Female,"226 Laura Dam, Jessicamouth, Russian Federation",2020-05-28,2024-09-04 15:21:41.679214,inactive
338,Regina Clarke,paulahansen@outlook.com,(6CJJu&tfo,7567395440060,guest,1975-01-31,Other,"4319 Rodriguez Passage Suite 114, Nicholasfurt, Cape Verde",2021-10-28,,inactive
339,Brandon Knight,diazjulie@yahoo.com,iv_8Io(+e!,001321458239279085,guest,1982-12-30,Other,"2689 Martinez Circle Suite 138, Anthonyview, Iceland",2023-09-15,,active
340,Ivan Rollins,robert89@outlook.com,*2XJ*Fd7+5,,guest,1971-02-21,Male,"31132 Heather Ranch Suite 063, East Sarahport, El Salvador",2022-12-18,2024-08-14 18:59:23.740132,active
341,Joshua Reilly,owensgeorge@gmail.com,Kc(0UEa8^E,,guest,1960-09-16,Other,"5541 Kathleen Grove Apt. 995, Cruzville, Saint Vincent and the Grenadines",2023-10-19,2024-12-19 01:25:38.087363,active
342,Douglas Patterson II,stevenlane@gmail.com,B935jZz!$),5267096967,guest,1954-04-09,Other,"64878 Hansen Mills Apt. 586, Staceyberg, Norway",2021-01-15,2024-05-31 12:48:52.550524,inactive
343,Daniel Cox DDS,steven66@hotmail.com,^LP9opknM6,1770870944882269,guest,1980-08-11,Female,"600 Bruce Park, Melissashire, Chile",2023-03-07,2024-09-16 08:42:37.290525,inactive
344,Amanda Mckinney,gillmargaret@gmail.com,5r)K4LTm!%,803711155114536,guest,1992-08-02,Female,"2431 Shannon Keys, Port Erikaberg, Madagascar",2024-03-29,2024-02-20 09:36:16.938506,active
345,Jane Ryan,cannonroger@yahoo.com,)Mzof8Yci),6756340966,guest,1981-06-04,Female,"611 Steven Trafficway Suite 624, Nelsonstad, San Marino",2024-10-20,2024-05-02 01:54:31.249707,active
346,Perry Kirby,whitejason@gmail.com,Am2$b5P3V),7653901462,guest,1974-01-25,Other,"06045 Chelsea Forge, West Kimport, Cocos (Keeling) Islands",2022-10-01,2024-09-18 13:48:54.649746,inactive
347,Dennis Shaw,opruitt@yahoo.com,(8NXk6lBIf,9545941310,guest,1959-10-03,Other,"95073 Haynes Stream Apt. 643, Lake Caleb, American Samoa",2021-08-26,2024-10-25 23:27:32.899716,inactive
348,Stacy Woods,mhill@gmail.com,f)mW4TYkJx,610682531228910,guest,2005-12-28,Male,"68203 Sanchez Fork, Ronaldberg, Philippines",2022-11-06,2024-10-13 03:08:33.231077,inactive
349,Traci Hurst,freynolds@hotmail.com,c9GGw8EN%+,7945794986,guest,1998-11-18,Female,"8706 Steven Viaduct Suite 150, Oliverside, Russian Federation",2022-11-29,2024-10-12 20:38:40.464617,active
350,Katie Sutton,ericalewis@hotmail.com,1A(5IQofp),,guest,1964-09-12,Female,"48263 Ashley Squares, Ramosbury, Nepal",2023-03-01,2024-01-30 17:34:49.727993,active
351,Jeffery Woods,znavarro@yahoo.com,yE1ZkovAX(,92556553492247,guest,2004-08-15,Female,"33822 Ellis Hills, Kristenview, Guam",2024-07-25,2024-09-11 09:41:14.815948,inactive
352,Scott Cox,fgarcia@yahoo.com,&b7XZKXlM@,00178864767177128,guest,1954-05-25,Male,"03434 Myers Passage, Myersstad, Slovenia",2022-06-09,2024-08-04 22:41:29.130437,inactive
353,Jordan Zamora,kathryn16@gmail.com,@rXKvjw2X9,9545781207,guest,1998-02-27,Female,"4342 Roberts Stravenue, New Matthewtown, Reunion",2024-01-17,2024-10-02 23:19:46.627084,inactive
354,Ashley Cole,thomasjames@outlook.com,^!9UE4u$rG,4614663154,guest,1969-05-06,Male,"167 Tina Extensions Suite 128, New Patricia, Belarus",2020-03-26,,inactive
355,Jeremy Stout,brownrebecca@hotmail.com,@mx_L&sb2S,5857945419,guest,1987-01-12,Other,"02273 Chen Rapid, Aaronview, Lao People's Democratic Republic",2020-09-30,2024-06-02 15:06:58.843503,inactive
356,Margaret Miller PhD,jingram@outlook.com,zyA48qZmG#,8343875220,guest,2000-09-16,Other,"6664 Barber Orchard Apt. 833, South Douglasmouth, Morocco",2022-07-14,2024-04-08 11:02:50.284623,active
357,Anna Berry,patrick46@gmail.com,)5@JoiJgO4,27136159203121,guest,1981-12-13,Male,"11959 Ethan Via Apt. 107, Kristenhaven, Cook Islands",2020-03-15,2024-01-09 10:24:55.172566,active
358,Brian Oliver,isaacmitchell@icloud.com,(QS_VBn_5E,8903835881,guest,1959-01-19,Male,"936 Whitaker Well Apt. 651, Janetport, Bolivia",2022-01-17,2024-01-06 11:11:25.990249,active
359,Tracey Foster,william89@yahoo.com,87QILCbJ^T,6763436436676,guest,1964-02-02,Female,"99706 Michael Terrace Suite 894, Lake Thomaston, Jersey",2022-03-31,2024-11-01 08:44:57.919518,inactive
360,Vanessa Gordon,sjames@gmail.com,(XygCxd5%9,37588403815982,guest,1951-06-16,Female,"4062 Brooks Junction Apt. 015, Jacobbury, Mauritius",2021-01-02,2024-03-22 19:35:15.251173,active
361,Jesse Reilly,fordnathan@outlook.com,p(1m#zMyav,9044682342,guest,1959-07-05,Other,"30320 Norton Ridge, North Robert, Bosnia and Herzegovina",2023-08-25,2024-08-29 22:46:53.618614,inactive
362,Tracy Harrison,lhamilton@outlook.com,PwCa6Rc##S,4212697320335,guest,1954-06-05,Female,"644 Christy Wall, Nicolemouth, United States of America",2023-01-09,,inactive
363,Ricky Kim,johnbradshaw@hotmail.com,dc3+MRFza(,9268031112,guest,1972-01-04,Male,"260 Howe Place, East Emilymouth, Azerbaijan",2022-09-13,,active
364,Steven Sherman,iromero@icloud.com,m2y8SNf6&O,3404556328,guest,2004-10-15,,"3134 Lee Fords, East Lisabury, American Samoa",2021-12-13,2024-04-16 05:52:45.218056,inactive
365,Cassandra Johnson,pbest@hotmail.com,YHL)0(FpJR,3288488966048,guest,2002-09-21,Female,"660 Joshua Divide Apt. 440, Port Dylan, Panama",2023-06-18,,inactive
366,Caleb Edwards,joshua07@hotmail.com,f21O4k&$F&,6568238325942,guest,1977-04-21,Male,"0777 Stark Lights, Chavezside, Tajikistan",2022-02-22,2024-12-16 10:25:23.411868,inactive
367,Molly Morgan,heather88@icloud.com,Tj^h0L#vNh,0012906963258167,guest,1960-01-25,Male,"0634 Kristopher Isle Apt. 621, Claudialand, Chad",2024-05-29,2024-07-16 03:09:09.134641,inactive
368,Dan Ramirez,deannamckenzie@gmail.com,$(zEP9iW8&,704624972456602,guest,1996-07-09,Female,"57518 Rachel Parkway Suite 201, Lake Michaelfort, Belize",2021-04-26,2024-10-02 13:56:52.138005,active
369,Robert Wilson,lovematthew@icloud.com,kj5DAA*c%%,001792852412175217,guest,1960-11-17,,"27150 Herrera Circle Apt. 464, Lake Krystalfurt, South Africa",2021-10-22,2024-11-06 16:10:07.139721,inactive
370,Robert Gibson,sergio21@yahoo.com,EGQdlfX$(6,13904075576,guest,1981-03-20,Female,"75036 Smith Stravenue Suite 361, West Austinstad, Sudan",2021-12-11,2024-03-08 13:06:28.478930,inactive
371,Lisa Powers,taylorkathy@outlook.com,k9in6Qyf_o,433232256006259,guest,1984-01-14,Female,"242 Kelsey Cape, East Sandy, Ireland",2022-03-13,2024-11-10 03:27:45.078804,inactive
372,Joseph West,jeremy22@yahoo.com,K3feGsf6(v,001396729029636034,guest,1998-11-14,Male,"2946 Timothy Island, Fernandezmouth, Guyana",2023-11-11,2024-02-23 20:42:27.747817,active
373,Brandon Palmer,fernandezgloria@gmail.com,UNOIdBuK*7,16206129600558,guest,1970-10-25,Other,"186 Jones Mall, Tranfurt, Bhutan",2024-05-03,2024-02-16 18:54:19.465370,active
374,William Smith,abbottvincent@hotmail.com,z_81$7Vayy,00168546978067577,guest,1973-03-10,Other,"8475 Jenna Extensions Suite 285, Justinfurt, Guinea",2021-10-28,2024-12-18 10:52:51.403291,active
375,Wendy Thomas,yvonne51@icloud.com,G+ml7Ot8$#,810760110694668,guest,1994-12-15,Other,"217 Barnes Terrace Apt. 341, Roychester, Guinea-Bissau",2020-02-15,,inactive
376,Christopher Smith,courtney26@outlook.com,k7vy(JMi^L,57897625402922,guest,1981-10-05,Other,"648 Patton Square Apt. 765, Gabriellechester, Qatar",2021-04-27,2024-10-28 09:45:41.471218,inactive
377,Monica Wallace,idavid@icloud.com,F3*vQS*T+w,889587842587938,guest,1974-07-31,Female,"1586 Rachel Expressway Suite 087, Shelbyville, Mozambique",2021-02-19,2024-01-08 04:11:17.839055,active
378,Todd Elliott,kevinsmith@hotmail.com,4oWWWre5!!,3716570214128,guest,2006-07-31,Other,"854 Christopher Common, Parkerport, Moldova",2023-10-08,,inactive
379,Robert Taylor MD,meredith29@hotmail.com,&0EseT2uFi,48095578434825,guest,1965-03-21,Female,"16409 Moore Burgs, Gregoryhaven, Peru",2021-01-06,2024-09-14 03:37:48.050155,active
380,Kathleen Graves,katherine11@yahoo.com,%L0elxYcK@,3059688108,guest,1956-12-26,Female,"81048 Janet Trace Apt. 321, West Katie, Monaco",2021-12-25,2024-01-01 13:56:54.637680,inactive
381,Angel Cox,stevencastro@hotmail.com,+&1vRPTvvA,8115154959180,guest,1978-07-24,Male,"10256 Peggy Lodge, New Georgetown, Saint Pierre and Miquelon",2023-12-09,2024-06-10 00:25:37.974554,inactive
382,Francis Bishop,millerchristy@icloud.com,$L^EqUz96t,2262885866,guest,1958-11-08,Male,"5396 Chad Cliffs Suite 571, Gardnerton, Indonesia",2022-04-04,2024-06-26 13:35:25.301658,inactive
383,Ann Rush,eclark@gmail.com,++3aM8i#vG,635761987222213,guest,1985-06-13,Other,"69197 Hunt Causeway Apt. 929, Port Johnmouth, French Guiana",2020-05-31,2024-08-28 02:15:39.753186,inactive
384,Christopher Jacobs,conradchristopher@outlook.com,*ODzKUgtp5,82246819127771,guest,2006-01-20,Other,"8769 Owens Stravenue Suite 227, Duartemouth, Belgium",2020-04-04,2024-09-02 00:44:16.818822,active
385,Tamara Scott,kristopher33@outlook.com,j5Yx3VLl#k,3917839879,guest,1959-05-22,Male,"9934 Tracy Highway Apt. 503, Lake Christopherstad, Argentina",2022-03-05,2024-12-18 13:23:33.265467,active
386,Brian Smith,martinezvickie@outlook.com,Ee5SURAbW%,7545861785,guest,1968-05-15,Other,"66773 Robinson Ports, West Richard, Nepal",2024-08-02,2024-11-09 21:41:47.309749,inactive
387,Mason Green,allenamanda@hotmail.com,2BVo_qfv@7,1843882384156872,guest,1972-07-07,Male,"7555 Ward Island, Port Melinda, Swaziland",2023-07-06,2024-06-02 06:16:18.780124,active
388,Nathan Jacobs,johnsonchase@icloud.com,9EnDu^2d#Z,503936639384230,guest,1989-03-26,Female,"7610 Cowan Lights Suite 808, East Wendy, Cook Islands",2023-01-03,2024-05-13 23:11:34.718088,inactive
389,Joanne Murphy,vschaefer@hotmail.com,oq12j8L+1&,64795747314645,guest,1970-07-18,Other,"981 Guzman Isle, Port Douglas, Romania",2023-12-07,2024-06-02 03:21:26.005223,active
390,Rachel Ross,jason80@gmail.com,@2B5Hqj^+8,3996466238175,guest,1962-12-31,Female,"8991 Thomas Mill Apt. 967, East Sara, Kazakhstan",2022-12-17,2024-05-16 01:45:11.286294,active
391,Paul Moore,rbrooks@outlook.com,x$08MFZz9a,265499069534292,guest,1998-09-13,Other,"86265 Ramos Passage Apt. 781, West Anthonyfort, Azerbaijan",2020-09-27,2024-01-01 06:01:06.222264,inactive
392,Jacob Mcdaniel,dhopkins@hotmail.com,mH8sUHpd&$,15688620547895,guest,1966-06-18,Other,"77822 Glenn Glen Apt. 293, East Nicolehaven, Uzbekistan",2022-10-06,2024-03-19 07:58:26.257801,inactive
393,Lisa Lee,pserrano@gmail.com,!YZsRu1W2P,6948854099231,guest,1989-09-12,Other,"80171 Carr Mountains, East Anthony, Equatorial Guinea",2020-03-18,,active
394,Matthew Snyder,richardsrichard@icloud.com,Ia3cK1pn&f,0013473500270,guest,1992-12-24,Male,"7739 Freeman Route Apt. 557, Arroyoville, New Zealand",2023-09-17,,active
395,April Burns,travisdelgado@hotmail.com,_Ik9Flq6d*,7786712380,guest,1965-02-22,Male,"80339 Dean Views, Michaelmouth, Barbados",2023-07-16,2024-04-04 06:25:22.076827,active
396,Emily Gross,arnolderika@yahoo.com,a8Y9KiNI%D,001868273839694405,guest,1990-06-06,Other,"38554 Trevor Underpass, East Ronnie, Angola",2021-01-09,2024-01-06 07:31:06.287493,inactive
397,Robert Jackson,ruizashley@yahoo.com,hUEIz&rJ&5,,guest,1959-05-24,Other,"868 Kevin Motorway, Georgemouth, Tajikistan",2023-02-19,,active
398,Sharon Edwards,mandy36@icloud.com,pzzq8XQf@_,2289483912,guest,1993-01-04,Other,"250 Pamela Ranch, Simmonsberg, Faroe Islands",2024-11-17,2024-06-06 06:38:13.301104,inactive
399,Johnathan Welch,josephstevens@yahoo.com,$0J6TCMy1G,001490350762147512,guest,1997-07-07,Other,"5072 Bobby Shoal Suite 745, Heathermouth, Congo",2020-09-18,2024-11-12 03:01:31.682464,inactive
400,Nicholas Cruz,kevinnewman@yahoo.com,&mm8wMc0J^,9718434602,guest,1957-08-08,Female,"319 Massey Plaza Suite 103, Port Melanie, Saint Vincent and the Grenadines",2023-05-11,2024-07-06 19:50:14.499966,inactive
